Link,Image,Tên nhà hàng,Loại hình,Phong cách món ăn,Đối tượng phù hợp,Đánh giá trung bình,Tổng số bình luận,Bình luận tuyệt vời,Bình luận khá tốt,Bình luận trung bình,Bình luận kém,Điểm không gian,Điểm vị trí,Điểm chất lượng,Điểm phục vụ,Điểm giá cả,Đường,Quận,Thành phố,Giờ mở cửa,Khoảng giá
https://www.foody.vn/ha-noi/banh-mi-mom-s-bat-dan,https://down-vn.img.susercontent.com/vn-11134259-7r98o-ly3hwqkq5x8w48@resize_ss576x330,Bánh Mì MOM's - Bát Đàn,Quán ăn,,,10.0,63,63,0,0,0,10.0,10.0,10.0,10.0,10.0,"40A Phố Bát Đàn, P. Cửa Đông",Quận Hoàn Kiếm,Hà Nội,14:00 - 23:00,50.000đ - 70.000đ
https://www.foody.vn/ha-noi/tiem-xoi-ba-hien-beo-mi-tron-indomie-bun-tron,https://down-vn.img.susercontent.com/vn-11134513-7r98o-ltnkgudoxatmc0@resize_ss576x330,Tiệm Xôi Bà Hiền Béo - Mì Trộn Indomie & Bún Trộn,Quán ăn,,,10.0,54,54,0,0,0,10.0,9.9,10.0,10.0,10.0,"7A Thanh Hà, P. Đồng Xuân",Quận Hoàn Kiếm,Hà Nội,00:01 - 00:30 | 18:00 - 23:59,
https://www.foody.vn/ha-noi/the-matcha-house-coffee-tea-ly-thuong-kiet,https://down-vn.img.susercontent.com/vn-11134513-7ras8-m20gvrpvfjiz79@resize_ss576x330,The Matcha House - Coffee & Tea - Lý Thường Kiệt,"Café/Dessert,, Tiệm bánh",Món Á,"Sinh viên, Cặp đôi, Gia đình, Nhóm hội, Giới văn phòng, Giới Manager, Khách du lịch, Trẻ em",10.0,51,51,0,0,0,10.0,9.9,10.0,10.0,10.0,"42F Lý Thường Kiệt, P, Trần Hưng Đạo",Quận Hoàn Kiếm,Hà Nội,07:00 - 23:00,
https://www.foody.vn/ha-noi/tra-sua-leetee-kem-trung-tra-hoa-qua-cau-go,https://down-vn.img.susercontent.com/vn-11134513-7r98o-lsu9dah4rp9530@resize_ss576x330,Trà sữa LeeTee - Kem Trứng & Trà Hoa Quả - Cầu Gỗ,Ăn vặt/vỉa hè,Món Việt,"Cặp đôi, Nhóm hội",10.0,1,1,0,0,0,10.0,10.0,10.0,10.0,10.0,"67 Cầu Gỗ, P. Hàng Bạc",Quận Hoàn Kiếm,Hà Nội,09:00 - 23:00,30.000đ - 50.000đ
https://www.foody.vn/ha-noi/cari-truong-com-do-an-nhanh-pizza-bia-ta-hien.hrdrpb,https://down-vn.img.susercontent.com/vn-11134259-7r98o-lwf3yydvam6z20@resize_ss576x330,"Cari Trương - Cơm Đồ Ăn Nhanh, Pizza & Bia - Tạ Hiện","Quán ăn,, Giao cơm văn phòng",Món Miền Nam,"Sinh viên, Cặp đôi, Gia đình, Nhóm hội, Giới văn phòng, Giới Manager, Khách du lịch, Trẻ em",10.0,1,1,0,0,0,10.0,10.0,10.0,10.0,10.0,"8 (Bistro) Tạ Hiện, P. Hàng Buồm",Quận Hoàn Kiếm,Hà Nội,09:00 - 23:00,
https://www.foody.vn/ha-noi/satine-vietnamese-cuisine-de-l-opera-hanoi-hotel,https://down-vn.img.susercontent.com/vn-11134259-7r98o-lwghcxswi3mhf3@resize_ss576x330,Satine - Vietnamese Cuisine - De l'Opera Hanoi Hotel,"Sang trọng,, Nhà hàng",Món Việt,"Gia đình, Nhóm hội, Giới Manager, Khách du lịch",6.3,32,7,2,22,1,6.3,6.3,6.5,6.2,6.2,"Tầng Trệt, De l'Opera Hanoi Hotel, 29 Tràng Tiền, P. Tràng Tiền",Quận Hoàn Kiếm,Hà Nội,06:00 - 22:30,100.000đ - 500.000đ
https://www.foody.vn/ha-noi/gia-quan-tinh-hoa-am-thuc-ha-noi,https://down-vn.img.susercontent.com/vn-11134259-7r98o-lwc3m5lrt61l15@resize_ss576x330,Gia Quán - Tinh Hoa Ẩm Thực Hà Nội,Nhà hàng,Món Việt,"Cặp đôi, Gia đình, Nhóm hội",6.9,2402,612,103,1681,6,6.4,6.3,9.0,6.4,6.4,"93 Phùng Hưng, P. Hàng Mã",Quận Hoàn Kiếm,Hà Nội,09:00 - 23:59,180.000đ - 360.000đ
https://www.foody.vn/ha-noi/pepperonis-restaurant-hang-trong,https://down-vn.img.susercontent.com/vn-11134259-7ras8-m3oi9hydavng11@resize_ss576x330,Pepperonis Pizza - Hàng Trống,Nhà hàng,Ý,"Gia đình, Nhóm hội, Giới văn phòng",7.4,69,4,54,7,4,7.6,8.0,7.5,7.2,6.9,"98 Hàng Trống, P. Hàng Trống",Quận Hoàn Kiếm,Hà Nội,09:40 - 22:25,30.000đ - 220.000đ
https://www.foody.vn/ha-noi/quan-nha-keo-mi-indomie-mi-tron-do-an-vat-18-ngo-575-kim-ma,https://down-vn.img.susercontent.com/vn-11134513-7r98o-lsvcj62e3x6s3d@resize_ss576x330,"Quán Nhà Kẹo - Mì Indomie, Mì Trộn & Đồ Ăn Vặt - 18 Ngõ 575 Kim Mã",Quán ăn,,,10.0,200,200,0,0,0,10.0,10.0,10.0,10.0,10.0,"Nhà 1A Ngách 18/575 Kim Mã, P. Kim Mã",Quận Ba Đình,Hà Nội,06:00 - 23:59,10.000đ - 85.000đ
https://www.foody.vn/ha-noi/bun-rieu-cua-top-mo-mai-thu,https://down-vn.img.susercontent.com/vn-11134259-7r98o-lwa4yarad2ahf7@resize_ss576x330,Bún Riêu Cua TOP Mỡ Mai Thư,Quán ăn,,,10.0,153,153,0,0,0,9.9,9.9,10.0,10.0,10.0,"60 Cửa Bắc, P.Quán Thánh",Quận Ba Đình,Hà Nội,06:30 - 22:00,
https://www.foody.vn/ha-noi/bun-cha-xua-nam-cao,https://down-vn.img.susercontent.com/vn-11134259-7r98o-lxgqxabuqztnbf@resize_ss576x330,Bún Chả Xưa - Nam Cao,Quán ăn,,,10.0,151,150,0,1,0,10.0,10.0,10.0,10.0,10.0,"Số 8 Ngõ 126 Nam Cao, P.Giảng Võ",Quận Ba Đình,Hà Nội,10:00 - 21:00,
https://www.foody.vn/ha-noi/tiem-ga-ran-ong-anh-ngoc-ha,https://down-vn.img.susercontent.com/vn-11134513-7r98o-lsv788p8g3b835@resize_ss576x330,Tiệm Gà Rán Óng Ánh - Ngọc Hà,Quán ăn,,,10.0,131,130,0,1,0,9.9,10.0,10.0,10.0,10.0,"Số 6 Ngách 128, Ngõ 158 Ngọc Hà, P. Ngọc Hà",Quận Ba Đình,Hà Nội,09:00 - 23:00,35.000đ - 200.000đ
https://www.foody.vn/ha-noi/nha-hang-nhat-ban-shiba-sushi-dao-tan,https://down-vn.img.susercontent.com/vn-11134259-7r98o-lwa4upapt8m329@resize_ss576x330,Nhà Hàng Nhật Bản Shiba Sushi - Đào Tấn,Nhà hàng,,,10.0,69,69,0,0,0,10.0,10.0,10.0,10.0,10.0,"12 Ngõ 9 Đào Tấn, P.Ngọc Khánh",Quận Ba Đình,Hà Nội,10:00 - 14:00 | 16:00 - 22:00,50.000đ - 500.000đ
https://www.foody.vn/ha-noi/che-mai-tien-giang-vo,https://down-vn.img.susercontent.com/vn-11134259-7r98o-lxjguk9pf4rdb5,Chè Mai Tiến - Giảng Võ,Ăn vặt/vỉa hè,Món Bắc,"Sinh viên, Gia đình, Nhóm hội, Giới văn phòng",7.7,29,4,20,5,0,7.1,7.2,8.5,7.7,8.1,"Tập Thể C5 Giảng Võ, Trần Huy Liệu",Quận Ba Đình,Hà Nội,11:00 - 18:00,15.000đ - 50.000đ
https://www.foody.vn/ha-noi/che-bon-mua-hoang-hoa-tham,https://down-vn.img.susercontent.com/vn-11134259-7r98o-lwa1awb8u3tlb9@resize_ss576x330,Chè Bốn Mùa - Hoàng Hoa Thám,Quán ăn,Món Việt,"Gia đình, Nhóm hội, Giới văn phòng",,0,0,0,0,0,,,,,,643 Hoàng Hoa Thám,Quận Ba Đình,Hà Nội,10:30 - 23:00,20.000đ - 40.000đ
https://www.foody.vn/ha-noi/gimbab-han-quoc-ngoc-khanh,https://down-vn.img.susercontent.com/vn-11134259-7r98o-lwi7uve80t0916@resize_ss576x330,Gimbab Hàn Quốc - Ngọc Khánh,Nhà hàng,Món Hàn,"Cặp đôi, Gia đình, Nhóm hội",6.6,247,6,120,100,21,6.2,7.0,6.7,6.5,6.8,52 Ngọc Khánh,Quận Ba Đình,Hà Nội,09:00 - 22:00,50.000đ - 110.000đ
https://www.foody.vn/ha-noi/an-vat-bep-nha-min,https://down-vn.img.susercontent.com/vn-11134513-7r98o-lsvdot948as9fb@resize_ss576x330,Ăn Vặt Bếp Nhà Min,Quán ăn,,,10.0,155,155,0,0,0,9.9,9.9,10.0,10.0,10.0,"Liền Kề 2-9 FLC Eco House 64 Sài Đồng, P. Sài Đồng",Quận Long Biên,Hà Nội,07:00 - 22:00,
https://www.foody.vn/ha-noi/ngoc-linh-nuoc-ep-juice-healthy-chu-huy-man,https://down-vn.img.susercontent.com/vn-11134259-7r98o-lwzbjw7eb74p81@resize_ss576x330,Ngọc Linh - Nước Ép Juice Healthy - Chu Huy Mân,Quán ăn,,,10.0,81,81,0,0,0,10.0,10.0,10.0,10.0,10.0,"131 Chu Huy Mân, P. Phúc Đồng",Quận Long Biên,Hà Nội,09:15 - 23:10,
https://www.foody.vn/ha-noi/gogi-house-nuong-han-quoc-savico,https://down-vn.img.susercontent.com/vn-11134259-7r98o-lwgye6qf9w4ba4@resize_ss576x330,GoGi House - Nướng Hàn Quốc - Savico,Nhà hàng,Món Hàn,"Gia đình, Nhóm hội, Giới văn phòng",10.0,60,59,1,0,0,10.0,10.0,10.0,10.0,10.0,"Tầng 3, TTTM Savico Mega Mall, 7-9 Nguyễn Văn Linh",Quận Long Biên,Hà Nội,10:00 - 14:30 | 17:30 - 22:00,50.000đ - 300.000đ
https://www.foody.vn/ha-noi/tiem-ga-ran-ong-anh-ngoc-lam,https://down-vn.img.susercontent.com/vn-11134513-7r98o-lsv7ughq1rr87e@resize_ss576x330,Tiệm Gà Rán Óng Ánh - Ngọc Lâm,Quán ăn,,,10.0,60,60,0,0,0,10.0,10.0,10.0,10.0,10.0,"16 Ngõ 66 Ngọc Lâm, P. Ngọc Lâm",Quận Long Biên,Hà Nội,09:00 - 22:00,35.000đ - 200.000đ
https://www.foody.vn/ha-noi/bep-me-pun-banh-sinh-nhat-banh-gato-banh-kem-bakery,https://down-vn.img.susercontent.com/vn-11134259-7r98o-lw956fugzizda8@resize_ss576x330,"Bếp Mẹ Pun - Bánh Sinh Nhật, Bánh Gato, Bánh Kem & Bakery",Tiệm bánh,,,10.0,4,4,0,0,0,10.0,10.0,10.0,10.0,10.0,32C Ngõ 86 Ngọc Thuỵ,Quận Long Biên,Hà Nội,07:00 - 23:00,55.000đ - 220.000đ
https://www.foody.vn/ha-noi/true-juice-sinh-to-nuoc-ep-trai-cay-nguyen-van-cu,https://down-vn.img.susercontent.com/vn-11134259-7r98o-lwhhz4rdltqx06@resize_ss576x330,True Juice - Sinh Tố & Nước Ép Trái Cây - Nguyễn Văn Cừ,Ăn vặt/vỉa hè,Món Việt,"Cặp đôi, Nhóm hội",6.7,23,8,5,3,7,7.0,7.0,6.3,6.4,6.8,"465 Nguyễn Văn Cừ, P. Ngọc Lâm",Quận Long Biên,Hà Nội,09:00 - 21:00,15.000đ - 40.000đ
https://www.foody.vn/ha-noi/bread-talk-aeon-mall-long-bien,https://down-vn.img.susercontent.com/vn-11134259-7r98o-lwachmdwmdi3c4@resize_ss576x330,BreadTalk - AEON Mall Long Biên,Tiệm bánh,Singapore,"Gia đình, Nhóm hội, Giới văn phòng",7.4,131,8,98,19,6,7.7,7.4,7.8,7.2,7.0,"Tầng 1, AEON Mall Long Biên, 27 Cổ Linh",Quận Long Biên,Hà Nội,09:00 - 22:00,13.000đ - 300.000đ
https://www.foody.vn/ha-noi/ana-grandma-pizza-bat-khoi,https://down-vn.img.susercontent.com/vn-11134259-7r98o-lwggw4he03bt3b@resize_ss576x330,Ana Grandma Pizza - Bát Khối,Quán ăn,,,9.5,107,106,0,1,0,9.7,9.5,9.5,9.5,9.4,"Kiot 04, Chung Cư CT2A , Ngõ 537 Bát Khối, P. Thạch Bàn",Quận Long Biên,Hà Nội,10:00 - 20:30,69.000đ - 269.000đ
https://www.foody.vn/ha-noi/the-ramen-mafia-mi-ramen-com-nhat-mai-hac-de,https://down-vn.img.susercontent.com/vn-11134513-7r98o-lsvd2ownl4g48b@resize_ss576x330,The Ramen Mafia - Mì Ramen & Cơm Nhật - Mai Hắc Đế,Quán ăn,,,10.0,152,152,0,0,0,10.0,9.8,10.0,10.0,10.0,"118 Mai Hắc Đế, P. Lê Đại Hành",Quận Hai Bà Trưng,Hà Nội,09:00 - 23:00,
https://www.foody.vn/ha-noi/com-tam-suon-cay-com-ga-ta-hai-phuc-26-hang-chuoi,https://down-vn.img.susercontent.com/vn-11134259-7r98o-lwdl2tj7ctehcf@resize_ss576x330,Cơm Tấm Sườn Cây & Cơm Gà Ta - Hai Phúc - 26 Hàng Chuối,Quán ăn,,,10.0,151,151,0,0,0,10.0,10.0,10.0,10.0,10.0,"26 Hàng Chuối, P. Phạm Đình Hồ",Quận Hai Bà Trưng,Hà Nội,10:30 - 14:30,30.000đ - 50.000đ
https://www.foody.vn/ha-noi/tiem-ga-ran-ong-anh-tran-dai-nghia,https://down-vn.img.susercontent.com/vn-11134259-7r98o-lwdutqfglpzt93@resize_ss576x330,Tiệm Gà Rán Óng Ánh - Trần Đại Nghĩa,Ăn vặt/vỉa hè,,,10.0,132,132,0,0,0,10.0,10.0,10.0,10.0,10.0,"8 Ngõ 183 Trần Đại Nghĩa, P. Bách Khoa",Quận Hai Bà Trưng,Hà Nội,00:01 - 02:00 | 09:00 - 23:59,35.000đ - 200.000đ
https://www.foody.vn/ha-noi/y-la-nhat-an-vat-mi-tron-indomie-87-chua-quynh,https://down-vn.img.susercontent.com/vn-11134513-7r98o-lw5ft00alqe112@resize_ss576x330,Ý Là Nhất - Ăn Vặt & Mì Trộn Indomie - 87 Chùa Quỳnh,Quán ăn,,,10.0,57,57,0,0,0,10.0,10.0,10.0,10.0,10.0,"87 Chùa Quỳnh, P. Quỳnh Mai",Quận Hai Bà Trưng,Hà Nội,10:00 - 23:59,
https://www.foody.vn/ha-noi/com-thoong-shop-online,https://down-vn.img.susercontent.com/vn-11134259-7r98o-lw8kzt0fb9ax20@resize_ss576x330,Cơm Thoong - Shop Online,Shop Online,Món Việt,"Sinh viên, Gia đình, Nhóm hội",10.0,27,27,0,0,0,10.0,10.0,10.0,10.0,10.0,82 Ngõ 17 Mạc Thị Bưởi,Quận Hai Bà Trưng,Hà Nội,10:00 - 23:00,30.000đ - 70.000đ
https://www.foody.vn/ha-noi/bun-cha-pho-co-ngoc-dung,https://down-vn.img.susercontent.com/vn-11134513-7r98o-lstwa4ypxcxw55@resize_ss576x330,Bún Chả Phố Cổ Ngọc Dung,Quán ăn,Món Việt,"Sinh viên, Gia đình",8.1,29,9,16,4,0,7.1,7.7,8.4,8.6,9.0,"Ki Ốt 6, Nhà 8, Ngõ Tự Do, P. Đồng Tâm",Quận Hai Bà Trưng,Hà Nội,07:00 - 22:00,15.000đ - 25.000đ
https://www.foody.vn/ha-noi/pepperonis-restaurant-bach-mai,https://down-vn.img.susercontent.com/vn-11134513-7ras8-m3ol81lc9rjwd3@resize_ss576x330,Pepperonis Delivery Outlet - Bạch Mai,Nhà hàng,Quốc tế,"Cặp đôi, Gia đình, Nhóm hội",7.4,10,0,8,2,0,5.1,7.0,8.3,7.8,8.7,"510 Bạch Mai, P. Trương Định",Quận Hai Bà Trưng,Hà Nội,10:15 - 20:25,30.000đ - 220.000đ
https://www.foody.vn/ha-noi/mr-yaki-nuong-tang-nhat-ban,https://down-vn.img.susercontent.com/vn-11134259-7r98o-lwb3r6ekmy8p6f@resize_ss576x330,Mr Yaki - Nướng Tảng Nhật Bản,Nhà hàng,Món Nhật,"Cặp đôi, Gia đình, Nhóm hội",6.6,24,2,14,3,5,6.2,7.0,6.4,6.6,6.8,"8 Đường 9, Tầng B1, Times City, 458 Minh Khai",Quận Hai Bà Trưng,Hà Nội,10:00 - 22:00,100.000đ - 300.000đ
https://www.foody.vn/ha-noi/go-an-vat-cafe-tra-sua-au-co,https://down-vn.img.susercontent.com/vn-11134513-7r98o-lwd9inp7kkwrac@resize_ss576x330,"GO - Ăn Vặt, Cafe & Trà Sữa - Âu Cơ",Shop Online,Món Bắc,,10.0,51,47,0,0,0,10.0,10.0,10.0,10.0,10.0,"4/1/34 Âu Cơ, P. Quảng An",Quận Tây Hồ,Hà Nội,09:00 - 22:00,
https://www.foody.vn/ha-noi/chao-long-ha-lo-chao-long-lac-long-quan.itayf9,https://down-vn.img.susercontent.com/vn-11134513-7r98o-lsvexuvx5znoe7@resize_ss576x330,Cháo Lòng Hà Lô - Cháo Lòng - Lạc Long Quân,Ăn vặt/vỉa hè,Món Bắc,"Sinh viên, Gia đình, Nhóm hội, Giới văn phòng, Giới Manager, Khách du lịch",10.0,12,12,0,0,0,10.0,10.0,10.0,10.0,10.0,"37 Ngõ 445 Lạc Long Quân, P. Xuân La",Quận Tây Hồ,Hà Nội,06:00 - 13:00,
https://www.foody.vn/ha-noi/king-bbq-buffet-sun-grand-city-thuy-khue,https://down-vn.img.susercontent.com/vn-11134259-7r98o-lw926xegso9nad@resize_ss576x330,King BBQ - Vua Nướng Hàn Quốc - Sun Grand City Thụy Khuê,Buffet,Món Hàn,"Gia đình, Nhóm hội, Giới văn phòng",10.0,1,1,0,0,0,10.0,10.0,10.0,10.0,10.0,"Tầng 4 Lô D+E, Toà Nhà Sun Grand City, 69B Thuỵ Khuê",Quận Tây Hồ,Hà Nội,10:00 - 14:00 | 17:30 - 22:00,200.000đ - 420.000đ
https://www.foody.vn/ha-noi/bun-bo-hue-me-vui,https://down-vn.img.susercontent.com/vn-11134259-7r98o-ly3fr0i0t40g82@resize_ss576x330,Bún Bò Huế - Mệ Vui,Quán ăn,,,9.9,53,53,0,0,0,9.8,9.6,10.0,10.0,10.0,"79 Nhật Chiêu, P. Nhật Tân",Quận Tây Hồ,Hà Nội,06:00 - 14:00 | 17:00 - 22:00,50.000đ - 85.000đ
https://www.foody.vn/ha-noi/nem-nuong-nha-trang-lac-long-quan,https://down-vn.img.susercontent.com/vn-11134513-7r98o-lt2a2uw6lkexf4@resize_ss576x330,Nem Nướng Nha Trang - Lạc Long Quân,Quán ăn,,,9.9,52,52,0,0,0,9.9,9.8,10.0,10.0,10.0,"296A Lạc Long Quân, P. Xuân La",Quận Tây Hồ,Hà Nội,06:00 - 22:00,
https://www.foody.vn/ha-noi/banh-my-bit-tet-cutisun-hoang-hoa-tham,https://down-vn.img.susercontent.com/vn-11134513-7r98o-lstrluknlwuxd8@resize_ss576x330,Bánh Mỳ Bít Tết Cutisun - Hoàng Hoa Thám,Nhà hàng,Món Âu,"Cặp đôi, Gia đình, Giới văn phòng",7.3,272,7,214,34,17,7.3,6.8,7.5,7.1,7.7,"3 Ngõ 120 Hoàng Hoa Thám, P. Thụy Khuê",Quận Tây Hồ,Hà Nội,10:00 - 21:00,50.000đ - 165.000đ
https://www.foody.vn/ha-noi/truong-loc-bia-hoi-ha-noi,https://down-vn.img.susercontent.com/vn-11134259-7r98o-lwako3ygi863c6@resize_ss576x330,Trường Lộc - Bia Hơi Hà Nội,"Nhà hàng,, Quán nhậu",Món Việt,"Gia đình, Nhóm hội",7.9,3,0,2,1,0,9.3,8.7,7.0,7.7,6.7,130 Đường Ven Hồ Tây,Quận Tây Hồ,Hà Nội,08:00 - 22:00,50.000đ - 150.000đ
https://www.foody.vn/ha-noi/the-fat-pig-con-heo-beo,https://down-vn.img.susercontent.com/vn-11134259-7r98o-lwfvbq7pu3ffdd@resize_ss576x330,The Fat Pig - Con Heo Béo,Bar/Pub,Món Việt,"Nhóm hội, Giới văn phòng",7.7,23,1,19,2,1,8.0,8.1,7.9,8.0,6.6,"74 Quảng An, P. Quảng An",Quận Tây Hồ,Hà Nội,12:00 - 23:30,50.000đ - 160.000đ
https://www.foody.vn/ha-noi/xoi-huong-phung-khoang,https://down-vn.img.susercontent.com/vn-11134513-7ras8-m1csvzxqop5k3c@resize_ss576x330,Xôi Hương - Phùng Khoang,Quán ăn,,,10.0,252,251,0,0,0,10.0,10.0,10.0,10.0,10.0,"Số 7 Ngõ 29 Phùng Khoang, P. Trung Văn",Quận Nam Từ Liêm,Hà Nội,00:01 - 01:00 | 09:00 - 23:59,
https://www.foody.vn/ha-noi/mi-cay-seoul-82-my-dinh,https://down-vn.img.susercontent.com/vn-11134259-7r98o-lwaqjw6hdnmj9f@resize_ss576x330,Mì Cay Seoul - 82 Mỹ Đình,Quán ăn,,,10.0,54,54,0,0,0,10.0,9.9,10.0,10.0,10.0,"82 Mỹ Đình, P. Mỹ Đình",Quận Nam Từ Liêm,Hà Nội,09:00 - 22:30,
https://www.foody.vn/ha-noi/laco-coffee-cafe-do-uong-khong-con-banh-healthy-luu-huu-phuoc,https://down-vn.img.susercontent.com/vn-11134259-7r98o-lwgfxlb78f6ja8@resize_ss576x330,"Laco Coffee - Cafe, Đồ Uống Không Cồn & Bánh Healthy - Lưu Hữu Phước","Café/Dessert,, Tiệm bánh",Món Bắc,"Sinh viên, Cặp đôi, Gia đình, Nhóm hội, Giới văn phòng, Giới Manager, Khách du lịch, Trẻ em",10.0,53,53,0,0,0,9.9,9.9,10.0,10.0,10.0,"Số 1 C12, Ngách 33/15 Lưu Hữu Phước, P. Cầu Diễn",Quận Nam Từ Liêm,Hà Nội,06:30 - 22:30,
https://www.foody.vn/ha-noi/chicken-friez,https://down-vn.img.susercontent.com/vn-11134259-7r98o-lwgimuizmllnff@resize_ss576x330,Chicken & Friez,Quán ăn,Món Á,"Gia đình, Nhóm hội, Giới văn phòng",10.0,50,50,0,0,0,10.0,10.0,10.0,10.0,10.0,"34 TT4 KĐT Mỹ Đình Sông Đà, P. Mỹ Đình 1",Quận Nam Từ Liêm,Hà Nội,09:00 - 23:00,100.000đ - 330.000đ
https://www.foody.vn/ha-noi/pho-sach-my-dinh,https://down-vn.img.susercontent.com/vn-11134513-7r98o-lz99ekm6elal55@resize_ss576x330,Phở Sạch - Mỹ Đình,Quán ăn,,,10.0,40,40,0,0,0,10.0,10.0,10.0,10.0,10.0,"N4-A10 Đường Mỹ Đình, P. Mỹ Đình 2",Quận Nam Từ Liêm,Hà Nội,05:00 - 23:00,
https://www.foody.vn/ha-noi/tiem-ga-ran-ong-anh-dinh-thon,https://down-vn.img.susercontent.com/vn-11134259-7r98o-lwh8hi9gyuajd1@resize_ss576x330,Tiệm Gà Rán Óng Ánh - Đình Thôn,Quán ăn,,,,0,0,0,0,0,,,,,,"20 Ngõ 394 Đường Mỹ Đình, Đình Thôn",Quận Nam Từ Liêm,Hà Nội,09:00 - 23:59,
https://www.foody.vn/ha-noi/let-s-sushi-ham-nghi,https://down-vn.img.susercontent.com/vn-11134513-7r98o-lsvbjivlwe55cc@resize_ss576x330,Let's Sushi - Hàm Nghi,Quán ăn,,,,0,0,0,0,0,,,,,,"TT03-18 Khu Đô Thị HD Mon City, Hàm Nghi, P. Mỹ Đình",Quận Nam Từ Liêm,Hà Nội,10:00 - 14:00 | 17:00 - 22:00,49.000đ - 89.000đ
https://www.foody.vn/ha-noi/antidote-bar-jw-marriott-hotel-hanoi,https://down-vn.img.susercontent.com/vn-11134259-7r98o-lwgwoj8597fdea@resize_ss576x330,Antidote Bar - JW Marriott Hotel Hanoi,"Sang trọng,, Bar/Pub",Quốc tế,"Nhóm hội, Giới Manager, Khách du lịch",9.0,1,1,0,0,0,10.0,8.0,9.0,9.0,9.0,"JW Marriott Hotel Hanoi, 8 Đỗ Đức Dục",Quận Nam Từ Liêm,Hà Nội,20:00 - 23:30,500.000đ - 5.000.000đ
https://www.foody.vn/ha-noi/nem-nuong-nha-trang-minh-duc-phao-dai-lang,https://down-vn.img.susercontent.com/vn-11134259-7r98o-lwgtf3nts89nc5@resize_ss576x330,Nem Nướng Nha Trang Minh Đức - Pháo Đài Láng,Quán ăn,,,10.0,212,212,0,0,0,10.0,9.9,10.0,10.0,10.0,"24 Ngõ 102 Pháo Đài Láng, P. Láng Thượng",Quận Đống Đa,Hà Nội,08:00 - 23:00,
https://www.foody.vn/ha-noi/com-ga-hoi-an-vinh-ho,https://down-vn.img.susercontent.com/vn-11134259-7r98o-lw9rowe4iztn68@resize_ss576x330,Cơm Gà Hội An - Vĩnh Hồ,Quán ăn,,,10.0,193,193,0,0,0,10.0,10.0,10.0,10.0,10.0,"110C2 Tập Thể Vĩnh Hồ, P. Thịnh Quang",Quận Đống Đa,Hà Nội,10:00 - 20:00,
https://www.foody.vn/ha-noi/bun-suon-moc-mang-kho-vinh-ho,https://down-vn.img.susercontent.com/vn-11134513-7r98o-lsvcvtt5m2tg35@resize_ss576x330,Bún Sườn Mọc Măng Khô - Vĩnh Hồ,Quán ăn,,,10.0,175,175,0,0,0,10.0,10.0,10.0,10.0,10.0,"111C2 Tập Thể Vĩnh Hồ, P. Thịnh Quang",Quận Đống Đa,Hà Nội,10:00 - 20:00,
https://www.foody.vn/ha-noi/ga-ran-mellace-140-trung-liet,https://down-vn.img.susercontent.com/vn-11134259-7r98o-lwaerrvoor1587@resize_ss576x330,Gà Rán Mellace - 140 Trung Liệt,Quán ăn,,,10.0,152,152,0,0,0,10.0,9.8,10.0,10.0,10.0,"140 Phố Trung Liệt, P. Trung Liệt",Quận Đống Đa,Hà Nội,08:00 - 22:00,
https://www.foody.vn/ha-noi/k-town-do-an-han-quoc-giai-phong,https://down-vn.img.susercontent.com/vn-11134513-7r98o-lymcdsn42h0hac@resize_ss576x330,K-Town - Đồ Ăn Hàn Quốc - Giải Phóng,Quán ăn,,,10.0,120,120,0,0,0,10.0,10.0,10.0,10.0,10.0,"20 Giải Phóng, P. Phương Mai",Quận Đống Đa,Hà Nội,09:00 - 21:00,40.000đ - 40.000đ
https://www.foody.vn/ha-noi/cha-go-tea-caf-e-yen-lang,https://down-vn.img.susercontent.com/vn-11134259-7r98o-lw7lh7q7ftndbc@resize_ss576x330,Cha Go Tea & Caf'e - Yên Lãng,Café/Dessert,Đài Loan,"Sinh viên, Gia đình",7.4,123,7,89,24,3,7.0,7.4,7.8,7.4,7.5,"42 Yên Lãng, P. Láng Hạ",Quận Đống Đa,Hà Nội,08:30 - 22:30,30.000đ - 80.000đ
https://www.foody.vn/ha-noi/le-petit-bit-tet,https://down-vn.img.susercontent.com/vn-11134259-7r98o-lwdlihthjx0920@resize_ss576x330,Le Petit - Bít Tết,Nhà hàng,Quốc tế,"Cặp đôi, Gia đình, Giới văn phòng",7.7,51,0,43,8,0,7.5,7.8,7.6,7.8,7.8,"20/30 Ngõ Thông Phong, P. Quốc Tử Giám",Quận Đống Đa,Hà Nội,10:00 - 21:00,50.000đ - 100.000đ
https://www.foody.vn/ha-noi/co-quynh-che-cac-loai-sua-chua-danh-da,https://down-vn.img.susercontent.com/vn-11134259-7r98o-lweuz252otsp4d@resize_ss576x330,Chè Cô Quỳnh - Chè - Tôn Thất Tùng,"Ăn vặt/vỉa hè,, Quán ăn",Món Bắc,"Sinh viên, Cặp đôi, Gia đình, Nhóm hội, Giới văn phòng, Giới Manager, Khách du lịch, Trẻ em",7.2,16,0,11,5,0,6.8,7.4,7.6,7.1,7.3,"A8 Ngõ 1A Tôn Thất Tùng, P. Trung Tự",Quận Đống Đa,Hà Nội,16:30 - 22:00,15.000đ - 50.000đ
https://www.foody.vn/ha-noi/bun-thai-chu-hai-bun-hai-san-bo-ca,https://down-vn.img.susercontent.com/vn-11134513-7r98o-lsvf1hyhcy4k06@resize_ss576x330,"Bún Thái Chú Hải - Bún Hải Sản, Bò & Cá",Quán ăn,Món Việt,"Sinh viên, Cặp đôi, Gia đình, Nhóm hội, Giới văn phòng",10.0,212,212,0,0,0,10.0,9.9,10.0,10.0,10.0,"Số 19 Ngõ 66 Dịch Vọng Hậu, P. Dịch Vọng Hậu",Quận Cầu Giấy,Hà Nội,09:00 - 22:00,
https://www.foody.vn/ha-noi/de-am-chay-so-5-trung-hoa,https://down-vn.img.susercontent.com/vn-11134259-7r98o-lwac3y035yore8@resize_ss576x330,Đế Am Chay - Số 5 Trung Hoà,Ăn chay,,,10.0,162,162,0,0,0,10.0,10.0,10.0,10.0,10.0,"5 Phố Trung Hoà, P. Trung Hoà",Quận Cầu Giấy,Hà Nội,10:00 - 20:00,
https://www.foody.vn/ha-noi/nem-nuong-nha-trang-minh-duc-nghia-tan,https://down-vn.img.susercontent.com/vn-11134513-7r98o-lsvbyynukr7od1@resize_ss576x330,Nem Nướng Nha Trang Minh Đức - Nghĩa Tân,Quán ăn,,,10.0,153,153,0,0,0,10.0,9.9,10.0,10.0,10.0,"101C A12 Nghĩa Tân, P. Nghĩa Tân",Quận Cầu Giấy,Hà Nội,09:00 - 21:00,
https://www.foody.vn/ha-noi/banh-cuon-hai-phong-421-khong-my-chinh-nghia-tan,https://down-vn.img.susercontent.com/vn-11134513-7r98o-lsvbebknzvdl32@resize_ss576x330,Bánh Cuốn Hải Phòng 421 - Không Mỳ Chính - Nghĩa Tân,Quán ăn,,,10.0,153,153,0,0,0,9.9,9.9,10.0,10.0,10.0,"102 B1 Nghĩa Tân, P. Nghĩa Tân",Quận Cầu Giấy,Hà Nội,06:30 - 23:00,30.000đ - 50.000đ
https://www.foody.vn/ha-noi/nem-nuong-nha-trang-minh-duc-hoa-bang,https://down-vn.img.susercontent.com/vn-11134513-7r98o-lsvbm31j10nt73@resize_ss576x330,Nem Nướng Nha Trang Minh Đức - 6 Ngách 23 Ngõ 58 Trần Bình,Quán ăn,,,10.0,145,144,0,0,0,10.0,10.0,10.0,10.0,10.0,"6 Ngách 23 Ngõ 58 Trần Bình, P. Mai Dịch",Quận Cầu Giấy,Hà Nội,09:00 - 23:00,
https://www.foody.vn/ha-noi/ba-anh-em-bun-dau-met-hoang-quoc-viet.qpmquf,https://down-vn.img.susercontent.com/vn-11134259-7r98o-lwe23o61d1i3ce@resize_ss576x330,Ba Anh Em - Bún Đậu Mẹt - Hoàng Quốc Việt,"Quán nhậu,, Khu Ẩm Thực",Món Bắc,"Sinh viên, Cặp đôi, Gia đình, Nhóm hội, Giới văn phòng, Giới Manager, Khách du lịch, Trẻ em",9.6,1,1,0,0,0,10.0,8.0,10.0,10.0,10.0,"Số 3B Ngõ 24B  Hoàng Quốc Việt, P. Nghĩa Đô",Quận Cầu Giấy,Hà Nội,09:00 - 22:00,
https://www.foody.vn/ha-noi/ga-ran-popeyes-tran-quoc-hoan,https://down-vn.img.susercontent.com/vn-11134513-7ras8-m4iwmn1h83hc17@resize_ss576x330,Gà Rán Popeyes - Trần Quốc Hoàn,Quán ăn,,,,0,0,0,0,0,,,,,,"69 Trần Quốc Hoàn, P. Dịch Vọng Hậu",Quận Cầu Giấy,Hà Nội,10:00 - 21:45,50.000đ - 165.000đ
https://www.foody.vn/ha-noi/sariwon-lau-nuong-han-quoc-bigc-thang-long,https://down-vn.img.susercontent.com/vn-11134259-7r98o-lwcdt4w2oxqxe1@resize_ss576x330,Sariwon - Lẩu Nướng Hàn Quốc - BigC Thăng Long,Buffet,Món Hàn,"Gia đình, Nhóm hội, Giới văn phòng",7.5,26,12,7,2,5,7.5,7.8,7.7,7.4,7.2,"Shop Es17, Tầng 1, BigC Thăng Long, 222 Trần Duy Hưng, P. Trung Hòa",Quận Cầu Giấy,Hà Nội,10:00 - 22:00,150.000đ - 330.000đ
https://www.foody.vn/ha-noi/ngoc-linh-nuoc-ep-juice-healthy-le-trong-tan,https://down-vn.img.susercontent.com/vn-11134259-7r98o-lwzaaolk2rx726@resize_ss576x330,Ngọc Linh - Nước Ép Juice Healthy - Lê Trọng Tấn,Café/Dessert,,,10.0,80,80,0,0,0,10.0,10.0,10.0,10.0,10.0,"226 Lê Trọng Tấn, P. Khương Mai",Quận Thanh Xuân,Hà Nội,09:00 - 23:10,
https://www.foody.vn/ha-noi/h-t-food-mi-tron-indomie-chan-ga-sa-tac-an-vat,https://down-vn.img.susercontent.com/vn-11134513-7r98o-lsvdm53qxlfof2@resize_ss576x330,"H&T Food - Mì Trộn Indomie, Chân Gà Sả Tắc & Ăn Vặt",Quán ăn,,,10.0,62,62,0,0,0,9.9,9.9,10.0,10.0,10.0,"Số 3,Hẻm 162/130/19 Đường Khương Trung, P. Khương Trung",Quận Thanh Xuân,Hà Nội,00:01 - 23:59,
https://www.foody.vn/ha-noi/y-linh-oc-hai-san-hoang-dao-thuy,https://down-vn.img.susercontent.com/vn-11134259-7r98o-lwe2cuc25vq3cc@resize_ss576x330,Ý Linh - Ốc & Hải Sản - Hoàng Đạo Thúy,Quán ăn,,,10.0,60,60,0,0,0,10.0,10.0,10.0,10.0,10.0,"Nhà N5C Hoàng Đạo Thúy, P. Trung Hòa",Quận Thanh Xuân,Hà Nội,11:00 - 23:00,30.000đ - 160.000đ
https://www.foody.vn/ha-noi/bep-thuyen-chai-quan-lau-hai-san-quang-ninh,https://down-vn.img.susercontent.com/vn-11134513-7r98o-lvg1f4mu2vf15b@resize_ss576x330,Bếp Thuyền Chài Quán - Lẩu Hải Sản Quảng Ninh,Quán ăn,,,10.0,51,39,0,0,0,10.0,10.0,10.0,10.0,10.0,"43 Ngõ 213 Giáp Nhất, P. Nhân Chính",Quận Thanh Xuân,Hà Nội,00:01 - 02:00 | 11:00 - 23:59,
https://www.foody.vn/ha-noi/bun-ca109-bun-ca-nhinh-bun-ca-109-quan-nhan.emu2cn,https://down-vn.img.susercontent.com/vn-11134513-7r98o-lsvh3g61jcuc8e@resize_ss576x330,Bún Cá 109 - Quan Nhân,"Nhà hàng,, Giao cơm văn phòng",Món Miền Nam,,10.0,2,2,0,0,0,10.0,10.0,10.0,10.0,10.0,"22 Ngõ 109/20 Quan Nhân, P. Nhân Chính",Quận Thanh Xuân,Hà Nội,09:00 - 22:00,
https://www.foody.vn/ha-noi/buffet-inn-lau-nuong-khong-khoi-royal-city,https://down-vn.img.susercontent.com/vn-11134259-7r98o-lwavctl78wrdd5@resize_ss576x330,Buffet INN - Lẩu & Nướng Không Khói - Royal City,Buffet,,"Gia đình, Nhóm hội, Giới văn phòng",5.1,3,0,1,0,2,5.3,6.3,4.0,5.7,4.3,"Tầng B2, R6, Royal City, 72A Nguyễn Trãi",Quận Thanh Xuân,Hà Nội,09:00 - 22:00,199.000đ - 279.000đ
https://www.foody.vn/ha-noi/the-coffee-house-hoang-dao-thuy,https://down-vn.img.susercontent.com/vn-11134259-7r98o-lwckkf54640r05@resize_ss576x330,The Coffee House - Hoàng Đạo Thúy,Café/Dessert,Món Việt,"Cặp đôi, Nhóm hội, Giới văn phòng",8.0,8,0,8,0,0,8.0,8.0,8.4,8.4,7.0,"Tầng 1 Toà N04 UDIC Complex, Hoàng Đạo Thúy, P. Trung Hòa",Quận Thanh Xuân,Hà Nội,09:00 - 21:00,30.000đ - 60.000đ
https://www.foody.vn/ha-noi/thuy-hai-san-oc-hai-san-49-vu-tong-phan,https://down-vn.img.susercontent.com/vn-11134259-7r98o-lw9as06u4mvt61@resize_ss576x330,Thủy Hải Sản - Ốc Hải Sản - 49 Vũ Tông Phan,Buffet,Món Bắc,"Sinh viên, Cặp đôi, Gia đình, Nhóm hội, Giới văn phòng, Trẻ em",,0,0,0,0,0,,,,,,"49 Vũ Tông Phan, P. Khương Trung",Quận Thanh Xuân,Hà Nội,10:00 - 22:00,
https://www.foody.vn/ha-noi/kelly-milk-tea-30-tien-thanh,https://down-vn.img.susercontent.com/vn-11134513-7r98o-lxj5jo3f8zq329@resize_ss576x330,Kelly Milk Tea - 30 Tiến Thành,Ăn vặt/vỉa hè,,,10.0,52,52,0,0,0,10.0,10.0,10.0,10.0,10.0,"30 Tiến Thành, P. Dương Nội",Quận Hà Đông,Hà Nội,10:00 - 22:00,
https://www.foody.vn/ha-noi/mi-tron-indome-nem-chua-ran-an-vat-hanh-food-tran-nhat-duat,https://down-vn.img.susercontent.com/vn-11134513-7r98o-lyacn6wxx6zl34@resize_ss576x330,Mì Trộn Indome - Nem Chua Rán Ăn Vặt Hạnh Food - Trần Nhật Duật,Quán ăn,,,10.0,50,50,0,0,0,10.0,10.0,10.0,10.0,10.0,"3 Ngõ 5 Trần Nhật Duật, P. Quang Trung",Quận Hà Đông,Hà Nội,09:00 - 21:00,
https://www.foody.vn/ha-noi/tam-an-ga-tuoi,https://down-vn.img.susercontent.com/vn-11134513-7r98o-lsvcyctg05nd77@resize_ss576x330,Tâm An - Gà Tươi,Quán ăn,,,10.0,50,39,0,0,0,10.0,10.0,10.0,10.0,10.0,"215 Bala Tổ 1, P. Phú Lương",Quận Hà Đông,Hà Nội,09:30 - 21:30,
https://www.foody.vn/ha-noi/tinh-tam-quan-ca-phe-com-chay,https://down-vn.img.susercontent.com/vn-11134259-7r98o-lwh0hwjce3mje0@resize_ss576x330,Tịnh Tâm Quán - Cà Phê & Cơm Chay,Ăn chay,,"Cặp đôi, Gia đình, Nhóm hội, Giới văn phòng",10.0,1,1,0,0,0,10.0,10.0,10.0,10.0,10.0,89 Nhuệ Giang,Quận Hà Đông,Hà Nội,09:00 - 21:00,
https://www.foody.vn/ha-noi/ga-ran-kft-van-quan,https://down-vn.img.susercontent.com/vn-11134513-7r98o-lsvcd7ktzhjt43@resize_ss576x330,Gà Rán KFT - Văn Quán,Quán ăn,,,9.9,153,151,0,2,0,9.9,9.7,9.9,9.9,9.9,"144 Đường 19/5, P. Văn Quán",Quận Hà Đông,Hà Nội,08:00 - 22:00,
https://www.foody.vn/ha-noi/my-hanh-hai-san-tuoi-song,https://down-vn.img.susercontent.com/vn-11134259-7r98o-lw8bmcd99ihl5f@resize_ss800x450,Mỹ Hạnh - Hải Sản Tươi Sống,Nhà hàng,Món Việt,"Gia đình, Nhóm hội, Giới văn phòng",7.7,25,12,6,3,4,8.6,7.9,7.5,7.1,7.5,102 Tố Hữu,Quận Hà Đông,Hà Nội,10:00 - 22:30,150.000đ - 500.000đ
https://www.foody.vn/ha-noi/tinh-tam-quan-com-chay-san-pham-phat-giao,https://down-vn.img.susercontent.com/vn-11134259-7r98o-lwf3jgae1h3t09@resize_ss576x330,Tịnh Tâm Quán - Cơm Chay & Sản Phẩm Phật Giáo,Ăn chay,Món Việt,"Gia đình, Nhóm hội, Giới văn phòng",8.5,2,1,1,0,0,7.0,7.0,9.0,9.5,10.0,"E7 Khu Đấu Giá Ngô Thì Nhậm, P. Hà Cầu",Quận Hà Đông,Hà Nội,08:00 - 19:00,25.000đ - 50.000đ
https://www.foody.vn/ha-noi/linh-nguyen-buffet-lau-nuong,https://down-vn.img.susercontent.com/vn-11134259-7r98o-lwi3g0ze84bf0c@resize_ss576x330,Linh Nguyễn - Buffet Lẩu & Nướng,Buffet,Quốc tế,"Gia đình, Nhóm hội, Giới văn phòng",6.0,5,1,0,2,2,6.6,5.8,5.4,6.6,5.6,200 Phố Xốm,Quận Hà Đông,Hà Nội,10:00 - 22:00,134.000đ - 300.000đ
https://www.foody.vn/ha-noi/bun-dau-mam-tom-bun-dau-my-cay-anh-duc,https://down-vn.img.susercontent.com/vn-11134513-7r98o-lxrziy27xae35c@resize_ss576x330,"Bún Đậu Mắm Tôm, Bún Đậu & Mỳ Cay - Anh Đức",Quán ăn,,,10.0,51,51,0,0,0,10.0,10.0,10.0,10.0,10.0,"595/21 Lĩnh Nam, P. Lĩnh Nam",Quận Hoàng Mai,Hà Nội,08:00 - 14:00,
https://www.foody.vn/ha-noi/com-di-ut-healthy-food-com-van-phong,https://down-vn.img.susercontent.com/vn-11134259-7r98o-lwah613mkmvtb2@resize_ss576x330,Cơm Dì Út - Healthy Food & Cơm Văn Phòng,Quán ăn,,,10.0,50,50,0,0,0,10.0,10.0,10.0,10.0,10.0,"1 Ngách 42/58 Thịnh Liệt, P. Thịnh Liệt",Quận Hoàng Mai,Hà Nội,10:30 - 14:00 | 17:00 - 20:30,35.000đ - 70.000đ
https://www.foody.vn/ha-noi/chao-suon-sun-nbh-dong-thien,https://down-vn.img.susercontent.com/vn-11134259-7r98o-lwau74mdqbiz13@resize_ss576x330,Cháo Sườn Sụn NBH - Đông Thiên,"Quán ăn,, Shop Online",Món Bắc,"Sinh viên, Cặp đôi, Gia đình, Nhóm hội, Giới văn phòng, Trẻ em",10.0,34,33,0,0,0,10.0,10.0,10.0,10.0,10.0,"Số 40 Ngõ 162 Phố Đông Thiên, (đối diện nhà 95), P. Vĩnh Hưng",Quận Hoàng Mai,Hà Nội,09:00 - 22:00,
https://www.foody.vn/ha-noi/bep-cua-hue-banh-thach-rau-cau-3d-nghe-thuat-thinh-liet,https://down-vn.img.susercontent.com/vn-11134259-7r98o-lwd423xk295l37@resize_ss576x330,Bếp Của Huệ - Bánh Thạch Rau Câu 3D Nghệ Thuật - Thịnh Liệt,Tiệm bánh,Đặc biệt,"Sinh viên, Cặp đôi, Gia đình, Nhóm hội, Giới văn phòng, Giới Manager, Khách du lịch, Trẻ em",10.0,2,2,0,0,0,10.0,10.0,10.0,10.0,10.0,"89 Thịnh Liệt, P. Thịnh Liệt",Quận Hoàng Mai,Hà Nội,09:00 - 22:00,
https://www.foody.vn/ha-noi/ngoc-pao-tiem-banh-bao-tuoi-35-nguyen-an-ninh,https://down-vn.img.susercontent.com/vn-11134259-7r98o-lwf0tdg0yorf60@resize_ss576x330,Ngọc Pao - Tiệm Bánh Bao Tươi - 35 Nguyễn An Ninh,"Ăn vặt/vỉa hè,, Tiệm bánh",Món Miền Nam,"Sinh viên, Cặp đôi, Gia đình, Nhóm hội, Giới văn phòng, Giới Manager, Khách du lịch, Trẻ em",10.0,2,2,0,0,0,10.0,10.0,10.0,10.0,10.0,Số 8 K1 ngõ 35 Nguyễn An Ninh,Quận Hoàng Mai,Hà Nội,07:00 - 22:00,
https://www.foody.vn/ha-noi/bep-vi-uyen-an-vat-online,https://down-vn.img.susercontent.com/vn-11134259-7r98o-lwadaaeyesij7a@resize_ss576x330,Bếp Vị Uyển - Ăn Vặt Các Món,Ăn vặt/vỉa hè,Món Việt,"Cặp đôi, Gia đình, Nhóm hội",8.2,24,14,5,2,3,7.9,8.2,8.4,8.1,8.4,"Số 1 Ngõ 24 Ngách 77 Đường Kim Đồng, P. Giáp Bát",Quận Hoàng Mai,Hà Nội,10:00 - 02:00,10.000đ - 50.000đ
https://www.foody.vn/ha-noi/pepperonis-delivery-outlet-linh-dam,https://down-vn.img.susercontent.com/vn-11134259-7r98o-lwcedlbt1mu112@resize_ss576x330,Pepperonis Delivery Outlet - Linh Đàm,Quán ăn,Ý,"Cặp đôi, Gia đình, Nhóm hội",5.7,2,0,0,2,0,6.0,6.0,5.5,6.0,5.0,"Ki Ốt 9 Rainbow Tower, Linh Đường",Quận Hoàng Mai,Hà Nội,11:00 - 20:30,30.000đ - 220.000đ
https://www.foody.vn/ha-noi/panxin-buffet-hai-san,https://down-vn.img.susercontent.com/vn-11134259-7r98o-lwh04xxx73dn46@resize_ss576x330,PanXin - Buffet Hải Sản,Buffet,Quốc tế,"Gia đình, Nhóm hội, Giới văn phòng",6.5,7,0,4,0,3,7.0,7.1,5.6,6.9,5.7,"Tầng 11, VP2 KĐT Linh Đàm",Quận Hoàng Mai,Hà Nội,08:00 - 23:00,200.000đ - 500.000đ
https://www.foody.vn/ha-noi/art-healthy-food-healthy-food-kdt-vinhome-ocean-park.ay7ifp,https://down-vn.img.susercontent.com/vn-11134259-7r98o-lwgiq0br3hejd3@resize_ss576x330,Art Healthy Food - Healthy Food - KĐT Vinhome Ocean Park,"Quán ăn,, Giao cơm văn phòng",Món Bắc,"Sinh viên, Gia đình, Giới văn phòng, Giới Manager",10.0,4,4,0,0,0,10.0,10.0,10.0,10.0,10.0,"S2.08 Vinhome Ocean Park Gia Lâm KĐT Vinhomes Ocean Park,P. Đa Tốn",Huyện Gia Lâm,Hà Nội,07:00 - 20:00,
https://www.foody.vn/ha-noi/leetee-tea-juice-ngo-xuan-quang,https://down-vn.img.susercontent.com/vn-11134259-7r98o-lwg1g69egy5540@resize_ss576x330,Trà Sữa LeeTee - Ngô Xuân Quảng,Café/Dessert,Món Á,"Cặp đôi, Nhóm hội",10.0,1,1,0,0,0,10.0,10.0,10.0,10.0,10.0,343 Ngô Xuân Quảng,Huyện Gia Lâm,Hà Nội,08:00 - 23:00,20.000đ - 55.000đ
https://www.foody.vn/ha-noi/gogi-house-nuong-han-quoc-vinhomes-ocean-park,https://down-vn.img.susercontent.com/vn-11134259-7r98o-lwcpcfs1vm55be@resize_ss576x330,GoGi House - Nướng Hàn Quốc - Vinhomes Ocean Park,Nhà hàng,Món Hàn,"Gia đình, Nhóm hội, Giới văn phòng",9.7,26,25,0,1,0,9.8,9.8,9.8,9.7,9.6,"L4 - 30 Vinhomes Ocean Park, Xã Đa Tốn",Huyện Gia Lâm,Hà Nội,10:30 - 22:00,100.000đ - 300.000đ
https://www.foody.vn/ha-noi/ngoc-thach-quan-trau-quy,https://down-vn.img.susercontent.com/vn-11134259-7r98o-lwb02ton889l0e@resize_ss576x330,Ngọc Thạch Quán - Trâu Quỳ,Ăn vặt/vỉa hè,Món Việt,"Gia đình, Nhóm hội, Giới văn phòng",8.0,1,0,1,0,0,8.0,6.0,9.0,9.0,8.0,Ngõ 76 Trâu Quỳ,Huyện Gia Lâm,Hà Nội,09:00 - 21:00,10.000đ - 30.000đ
https://www.foody.vn/ha-noi/bom-quan-bia-hoi-lau-cac-mon,https://down-vn.img.susercontent.com/vn-11134259-7r98o-lwa9l31jtgwrff@resize_ss576x330,Bờm Quán - Bia Hơi & Lẩu Các Món,"Quán ăn,, Quán nhậu",Món Việt,"Gia đình, Nhóm hội",7.6,4,1,2,0,1,8.5,7.3,7.3,7.3,7.5,"25 Đường B Đào Nguyên, Thị Trấn Trâu Quỳ",Huyện Gia Lâm,Hà Nội,10:00 - 22:30,20.000đ - 200.000đ
https://www.foody.vn/ha-noi/trung-nguyen-e-coffee-31ha-cafe-so-82-nguyen-khuyem-ich,https://down-vn.img.susercontent.com/vn-11134259-7r98o-lwg4otkjd97dc5@resize_ss576x330,Trung Nguyên E Coffee 31Ha - Cafe - Số 82 Nguyễn Khuyêm Ích,"Sang trọng,, Café/Dessert",Món Bắc,"Sinh viên, Gia đình, Giới văn phòng",,0,0,0,0,0,,,,,,"Số 82 Nguyễn Khuyêm Ích, KĐT 31 Ha, TT. Trâu Quỳ",Huyện Gia Lâm,Hà Nội,07:00 - 19:00,
https://www.foody.vn/ha-noi/kigo-bbq-buffet-lau-nuong,https://down-vn.img.susercontent.com/vn-11134259-7r98o-lwbw388qo9ujde@resize_ss576x330,Kigo BBQ - Buffet Lẩu & Nướng,Buffet,Món Việt,"Gia đình, Nhóm hội, Giới văn phòng",,0,0,0,0,0,,,,,,42 Trâu Quỳ,Huyện Gia Lâm,Hà Nội,10:30 - 23:00,139.000đ - 189.000đ
https://www.foody.vn/ha-noi/com-suon-dao-duy-tu-san-ho-ocean-park-1,https://down-vn.img.susercontent.com/vn-11134259-7r98o-lwbh7dtzupcpd1@resize_ss576x330,Cơm Sườn Đào Duy Từ - San Hô Ocean Park 1,Quán ăn,,,,0,0,0,0,0,,,,,,"SH06 -76 đường San Hô, Khu Đô Thị Vinhomes Ocean Park, X. Đa Tốn",Huyện Gia Lâm,Hà Nội,10:00 - 21:00,
https://www.foody.vn/ha-noi/tiem-ga-ran-ong-anh-ngo-van-chuong,https://down-vn.img.susercontent.com/vn-11134259-7r98o-lwe8j4defa3de0@resize_ss576x330,Tiệm Gà Rán Óng Ánh - Cầu Diễn,Quán ăn,,,10.0,130,130,0,0,0,10.0,10.0,10.0,10.0,10.0,"82/132 Đường Cầu Diễn, P. Minh Khai",Quận Bắc Từ Liêm,Hà Nội,09:30 - 23:30,35.000đ - 200.000đ
https://www.foody.vn/ha-noi/tiem-com-healthy-eat-clean-com-chay-tran-cung,https://down-vn.img.susercontent.com/vn-11134259-7r98o-lwez0b6knqhn28@resize_ss576x330,Tiệm Cơm Healthy & Eat Clean - Cơm Chay - Trần Cung,Shop Online,Món Việt,,10.0,106,101,0,0,0,10.0,9.9,10.0,10.0,10.0,"77 Trần Cung, P. Nghĩa Tân",Quận Bắc Từ Liêm,Hà Nội,09:00 - 22:00,
https://www.foody.vn/ha-noi/tiem-com-1989-com-chay-tran-cung,https://down-vn.img.susercontent.com/vn-11134259-7r98o-lwe4ohbpzd9577@resize_ss576x330,Tiệm Cơm 1989 - Cơm Chay - Trần Cung,"Café/Dessert,, Ăn chay",Món Việt,,10.0,103,95,0,0,0,10.0,10.0,10.0,10.0,10.0,"77 Đường Trần Cung, P. Nghĩa Tân",Quận Bắc Từ Liêm,Hà Nội,09:00 - 23:00,
https://www.foody.vn/ha-noi/com-chay-van-phong-tran-cung,https://down-vn.img.susercontent.com/vn-11134259-7r98o-lw5yoz36fmqh2d@resize_ss576x330,Cơm Chay Văn Phòng - Trần Cung,"Ăn chay,, Giao cơm văn phòng",Món Bắc,,10.0,50,50,0,0,0,10.0,10.0,10.0,10.0,10.0,"79 Đường Trần Cung, P. Nghĩa Tân",Quận Bắc Từ Liêm,Hà Nội,09:00 - 22:00,
https://www.foody.vn/ha-noi/banh-mi-xu-lang-phan-ba-vanh,https://down-vn.img.susercontent.com/vn-11134259-7r98o-lw8fk35bxae384@resize_ss576x330,Bánh Mì Xứ Lạng - Phan Bá Vành,Ăn vặt/vỉa hè,Món Việt,"Cặp đôi, Gia đình, Nhóm hội",10.0,50,50,0,0,0,10.0,10.0,10.0,10.0,10.0,"191 Phan Bá Vành, P. Cổ Nhuế 1",Quận Bắc Từ Liêm,Hà Nội,09:00 - 21:00,8.000đ - 15.000đ
https://www.foody.vn/ha-noi/the-gioi-ga-kdt-thanh-pho-giao-luu,https://down-vn.img.susercontent.com/vn-11134259-7r98o-lwdkr1ihuva117@resize_ss576x330,Thế Giới Gà - KĐT Thành Phố Giao Lưu,Nhà hàng,Món Việt,"Cặp đôi, Gia đình, Nhóm hội",9.2,22,20,2,0,0,9.2,9.2,9.4,9.4,9.1,"33 TT1 Đường Số 2, KĐT Thành Phố Giao Lưu, P Cổ Nhuế 1",Quận Bắc Từ Liêm,Hà Nội,09:00 - 19:00,50.000đ - 200.000đ
https://www.foody.vn/ha-noi/lau-nuong-han-quoc-shaburella-lau-nuong-hoang-cong-chat,https://down-vn.img.susercontent.com/vn-11134259-7r98o-lwglrqo88qu376@resize_ss576x330,Lẩu Nướng Hàn Quốc Shaburella - Lẩu & Nướng - Hoàng Công Chất,"Nhà hàng,, Buffet",Món Hàn,"Sinh viên, Cặp đôi, Gia đình, Nhóm hội, Giới văn phòng, Giới Manager, Khách du lịch, Trẻ em",,0,0,0,0,0,,,,,,"Số 10 Ngõ 266 Hoàng Công Chất, KĐT R2 Goldmark City, P. Phú Diễn",Quận Bắc Từ Liêm,Hà Nội,09:00 - 14:00 | 17:00 - 21:30,
https://www.foody.vn/ha-noi/lotteria-mega-market-pham-van-dong,https://down-vn.img.susercontent.com/vn-11134259-7r98o-lwgud26oro4994@resize_ss576x330,Lotteria - Mega Market Phạm Văn Đồng,Nhà hàng,Món Hàn,,6.7,20,4,4,9,3,6.4,7.4,7.0,6.1,6.6,"Tầng 1 TTTM Metro Cash&Carry Thăng Long, Phạm Văn Đồng",Quận Bắc Từ Liêm,Hà Nội,09:00 - 22:00,30.000đ - 88.000đ
https://www.foody.vn/ha-noi/bep-uyen-chan-canh-ga-nuong-cac-mon-nuong-than-hoa,https://down-vn.img.susercontent.com/vn-11134513-7r98o-luhoikyd0f8l07@resize_ss576x330,Bếp Uyên - Chân Cánh Gà Nướng & Các Món Nướng Than Hoa,Quán ăn,,,10.0,53,53,0,0,0,10.0,9.9,10.0,10.0,10.0,"Số 06 Tân Triều Mới (Đường 25m), X. Tân Triều",Huyện Thanh Trì,Hà Nội,07:00 - 19:00,
https://www.foody.vn/ha-noi/com-ngon-me-nau-shinfood-24h,https://down-vn.img.susercontent.com/vn-11134259-7r98o-lwe2kvi9gouxd6@resize_ss576x330,Cơm Ngon Mẹ Nấu - Shinfood 24H,Quán ăn,,,10.0,52,52,0,0,0,10.0,9.9,10.0,10.0,10.0,"SH06 Toà Nhà Housinco Premium Ngõ 288 Nguyễn Xiển, X.Tân Triều",Huyện Thanh Trì,Hà Nội,07:00 - 23:00,
https://www.foody.vn/ha-noi/pho-ganh-3-ngon-com-rang-pho-mi-xao-125-yen-xa,https://down-vn.img.susercontent.com/vn-11134259-7r98o-lwzbuu73pnffce@resize_ss576x330,"Phở Gánh 3 Ngon - Cơm Rang, Phở & Mì Xào - 125 Yên Xá",Quán ăn,,,10.0,51,48,0,0,0,10.0,10.0,10.0,10.0,10.0,"Số 125 Yên Xá, X. Tân Triều",Huyện Thanh Trì,Hà Nội,06:00 - 22:00,
https://www.foody.vn/ha-noi/lau-bo-huong-cang-buffet-lau-dimsum,https://down-vn.img.susercontent.com/vn-11134259-7r98o-lwg1tal971src5@resize_ss576x330,Lẩu Bò Hương Cảng - Buffet Lẩu & Dimsum,Buffet,Món Trung Hoa,"Gia đình, Nhóm hội, Giới văn phòng",8.0,3,0,3,0,0,8.7,5.7,9.0,8.7,8.0,"23 TT8 Quang Lai, Xã Tứ Hiệp",Huyện Thanh Trì,Hà Nội,09:00 - 22:00,118.000đ - 999.000đ
https://www.foody.vn/ha-noi/ngoc-thach-quan-sua-chua-caramen-ngoc-hoi,https://down-vn.img.susercontent.com/vn-11134513-7r98o-lsuak3v94mo4a3@resize_ss576x330,Ngọc Thạch Quán - Sữa Chua & Caramen - Ngọc Hồi,Café/Dessert,Món Việt,"Sinh viên, Gia đình, Nhóm hội",,0,0,0,0,0,,,,,,"Vũ Lăng , P. Ngũ Hiệp - Gần Thế Giới Di Động Ngọc Hồi",Huyện Thanh Trì,Hà Nội,10:00 - 22:00,10.000đ - 25.000đ
https://www.foody.vn/ha-noi/kevin-coffee-do-uong-khu-do-thi-the-manor-central-park,https://down-vn.img.susercontent.com/vn-11134513-7r98o-lxuuryvx7ra148@resize_ss576x330,KEVIN COFFEE - ĐỒ UỐNG - Khu Đô Thị The Manor Central Park,"Sang trọng,, Café/Dessert",Món Bắc,,,0,0,0,0,0,,,,,,"15 7TH AVE - SUNRISE H - Khu Đô Thị The Manor Central Park, Vành Đai 3, X. Thanh Liệt",Huyện Thanh Trì,Hà Nội,09:00 - 22:00,
https://www.foody.vn/ha-noi/food1-mon-ngon-phut-mot-ha-noi,https://down-vn.img.susercontent.com/vn-11134259-7r98o-lw8i7kw776571f@resize_ss576x330,Food1 - Món Ngon Phút Mốt - Hà Nội,"Sang trọng,, Nhà hàng",,,,0,0,0,0,0,,,,,,Sô 65 Ngõ 215 Triều Khúc,Huyện Thanh Trì,Hà Nội,09:00 - 22:00,
https://www.foody.vn/ha-noi/tra-sua-rosier-fresh-tea-coffee-kdt-geleximco,https://down-vn.img.susercontent.com/vn-11134513-7r98o-ltrtu05h3o5pd2@resize_ss576x330,Trà Sữa Rosier - Fresh Tea & Coffee -  KĐT Geleximco,"Nhà hàng,, Café/Dessert",Món Việt,"Sinh viên, Cặp đôi, Gia đình, Nhóm hội, Giới văn phòng, Giới Manager, Khách du lịch, Trẻ em",9.9,103,103,0,0,0,9.9,9.6,10.0,9.9,9.8,"Số 45A 32 KĐT Geleximco, X. An Khánh",Huyện Hoài Đức,Hà Nội,07:00 - 22:00,
https://www.foody.vn/ha-noi/bun-cha-hang-than-mon-ngon-chuan-vi-pho-co-geleximco,https://down-vn.img.susercontent.com/vn-11134513-7r98o-lyahvcwh0fv145@resize_ss576x330,Bún Chả Hàng Than - Món Ngon Chuẩn Vị Phố Cổ - Geleximco,"Quán ăn,, Giao cơm văn phòng",Món Bắc,,9.6,1,1,0,0,0,9.0,9.0,10.0,10.0,10.0,"34 Lô A12 Geleximco Khu A, Đường Lê Trọng Tấn, X. An Khánh",Huyện Hoài Đức,Hà Nội,08:00 - 20:00,
https://www.foody.vn/ha-noi/cakehouse-bakery-coffee-thi-tran-tram-troi,https://down-vn.img.susercontent.com/vn-11134259-7r98o-lw99u8t6ost7ec@resize_ss576x330,CakeHouse Bakery & Coffee - Thị Trấn Trạm Trôi,"Café/Dessert,, Tiệm bánh",Món Việt,"Cặp đôi, Gia đình, Nhóm hội",7.6,3,0,2,1,0,9.3,5.7,8.3,6.7,8.0,"Khu 6, Thị Trấn Trạm Trôi",Huyện Hoài Đức,Hà Nội,07:00 - 22:00,20.000đ - 250.000đ
https://www.foody.vn/ha-noi/cong-ca-phe-splendora,https://down-vn.img.susercontent.com/vn-11134513-7ras8-m3xe2dwxg4h476@resize_ss576x330,Cộng Cà Phê - Splendora,Café/Dessert,Món Việt,"Cặp đôi, Gia đình, Nhóm hội, Giới văn phòng",7.5,65,3,48,14,0,7.9,7.9,7.5,7.2,6.8,"SH01 Phố Đi Bộ, Khu Đô Thị Bắc An Khánh",Huyện Hoài Đức,Hà Nội,07:30 - 23:30,35.000đ - 77.000đ
https://www.foody.vn/ha-noi/bep-nho-gemek-com-lau-va-do-an-nhau-le-trong-tan,https://down-vn.img.susercontent.com/vn-11134259-7r98o-lwza1cifwd7f27@resize_ss576x330,"Bếp Nhỏ Gemek - Cơm, Lẩu Và Đồ Ăn Nhậu - Lê Trọng Tấn","Tiệc tận nơi,, Giao cơm văn phòng",Món Bắc,,,0,0,0,0,0,,,,,,"33 Lô A11 KĐT Gleximco A Lê Trọng Tấn, X. An Khánh",Huyện Hoài Đức,Hà Nội,09:00 - 22:00,
https://www.foody.vn/ha-noi/may-vegan-an-chay-thuan-lanh,https://down-vn.img.susercontent.com/vn-11134513-7r98o-lsvbfetsjxl0d6@resize_ss576x330,Mây Vegan - Ăn Chay Thuận Lành,Ăn chay,,,,0,0,0,0,0,,,,,,"Số 140 Vân Côn, Xã Vân Côn",Huyện Hoài Đức,Hà Nội,08:00 - 21:00,5.000đ - 99.000đ
